{"cameraMode":{"drawMode":0,"name":"Shaded","section":"Shading Mode"},"sceneLighting":true,"audioPlay":false,"sceneViewState":{"showFog":true,"showMaterialUpdate":false,"showSkybox":false,"showFlares":true,"showImageEffects":true,"showParticleSystems":true,"showVisualEffectGraphs":true,"m_FxEnabled":true},"in2DMode":false,"pivot":{"x":45.86591720581055,"y":-1.1496248245239258,"z":41.09440231323242},"rotation":{"x":-0.11761326342821121,"y":0.013679238967597485,"z":-0.0016191734466701747,"w":-0.992969274520874},"size":34.30683898925781,"orthographic":false}