{"cameraMode":{"drawMode":0,"name":"Shaded","section":"Shading Mode"},"sceneLighting":true,"audioPlay":false,"sceneViewState":{"showFog":true,"showMaterialUpdate":false,"showSkybox":true,"showFlares":true,"showImageEffects":true,"showParticleSystems":true,"showVisualEffectGraphs":true,"m_FxEnabled":true},"in2DMode":false,"pivot":{"x":3.7263166904449465,"y":1.6757465600967408,"z":-0.25706246495246889},"rotation":{"x":-0.17650438845157624,"y":0.154884472489357,"z":-0.028133155778050424,"w":-0.9716276526451111},"size":0.7543150186538696,"orthographic":false}