{"cameraMode":{"drawMode":0,"name":"Shaded","section":"Shading Mode"},"sceneLighting":true,"audioPlay":false,"sceneViewState":{"showFog":true,"showMaterialUpdate":false,"showSkybox":true,"showFlares":true,"showImageEffects":true,"showParticleSystems":true,"showVisualEffectGraphs":true,"m_FxEnabled":true},"in2DMode":false,"pivot":{"x":86.35336303710938,"y":10.902112007141114,"z":-7.2424845695495609},"rotation":{"x":-0.012735226191580296,"y":0.9872635006904602,"z":-0.11453913897275925,"w":-0.10974586009979248},"size":21.303308486938478,"orthographic":false}