{"cameraMode":{"drawMode":0,"name":"Shaded","section":"Shading Mode"},"sceneLighting":true,"audioPlay":false,"sceneViewState":{"showFog":true,"showMaterialUpdate":false,"showSkybox":true,"showFlares":true,"showImageEffects":true,"showParticleSystems":true,"showVisualEffectGraphs":true,"m_FxEnabled":true},"in2DMode":false,"pivot":{"x":104.82197570800781,"y":5.0302605628967289,"z":-6.980828285217285},"rotation":{"x":0.059590570628643039,"y":-0.04906154051423073,"z":0.002931320108473301,"w":0.9970105886459351},"size":2.398219585418701,"orthographic":false}