{"cameraMode":{"drawMode":0,"name":"Shaded","section":"Shading Mode"},"sceneLighting":true,"audioPlay":false,"sceneViewState":{"showFog":true,"showMaterialUpdate":false,"showSkybox":true,"showFlares":true,"showImageEffects":true,"showParticleSystems":true,"showVisualEffectGraphs":true,"m_FxEnabled":true},"in2DMode":false,"pivot":{"x":120.47929382324219,"y":-10.921343803405762,"z":32.684268951416019},"rotation":{"x":0.06783133000135422,"y":0.17860352993011475,"z":-0.012343231588602066,"w":0.9815018773078919},"size":45.01292037963867,"orthographic":false}