{"cameraMode":{"drawMode":0,"name":"Shaded","section":"Shading Mode"},"sceneLighting":true,"audioPlay":false,"sceneViewState":{"showFog":true,"showMaterialUpdate":false,"showSkybox":true,"showFlares":true,"showImageEffects":true,"showParticleSystems":true,"showVisualEffectGraphs":true,"m_FxEnabled":true},"in2DMode":false,"pivot":{"x":97.89983367919922,"y":6.8068695068359379,"z":-9.973633766174317},"rotation":{"x":0.13691756129264832,"y":-0.39203524589538576,"z":0.059128113090991977,"w":0.9077784419059753},"size":14.829626083374024,"orthographic":false}