{"cameraMode":{"drawMode":0,"name":"Shaded","section":"Shading Mode"},"sceneLighting":true,"audioPlay":false,"sceneViewState":{"showFog":true,"showMaterialUpdate":false,"showSkybox":true,"showFlares":true,"showImageEffects":true,"showParticleSystems":true,"showVisualEffectGraphs":true,"m_FxEnabled":true},"in2DMode":false,"pivot":{"x":76.92321014404297,"y":-0.5427998304367065,"z":36.213199615478519},"rotation":{"x":0.04719023033976555,"y":-0.9345917701721191,"z":0.13552014529705048,"w":0.32544901967048647},"size":0.11192041635513306,"orthographic":false}