{"cameraMode":{"drawMode":0,"name":"Shaded","section":"Shading Mode"},"sceneLighting":true,"audioPlay":false,"sceneViewState":{"showFog":true,"showMaterialUpdate":false,"showSkybox":true,"showFlares":true,"showImageEffects":true,"showParticleSystems":true,"showVisualEffectGraphs":true,"m_FxEnabled":true},"in2DMode":false,"pivot":{"x":23.46413803100586,"y":-5.8086113929748539,"z":-29.323623657226564},"rotation":{"x":-0.03211691230535507,"y":0.9461621642112732,"z":-0.09913918375968933,"w":-0.30645203590393069},"size":0.8660253882408142,"orthographic":false}