{"cameraMode":{"drawMode":0,"name":"Shaded","section":"Shading Mode"},"sceneLighting":true,"audioPlay":false,"sceneViewState":{"showFog":true,"showMaterialUpdate":false,"showSkybox":true,"showFlares":true,"showImageEffects":true,"showParticleSystems":true},"in2DMode":false,"pivot":{"x":6.11785364151001,"y":1.8700134754180909,"z":-11.170963287353516},"rotation":{"x":0.2001110315322876,"y":0.36849021911621096,"z":-0.08155492693185806,"w":0.9041677713394165},"size":9.810108184814454,"orthographic":false}