{"cameraMode":{"drawMode":0,"name":"Shaded","section":"Shading Mode"},"sceneLighting":true,"audioPlay":false,"sceneViewState":{"showFog":true,"showMaterialUpdate":false,"showSkybox":true,"showFlares":true,"showImageEffects":true,"showParticleSystems":true},"in2DMode":false,"pivot":{"x":5.037074089050293,"y":1.840000033378601,"z":-7.2288289070129398},"rotation":{"x":0.0066484929993748669,"y":0.99065101146698,"z":-0.12579822540283204,"w":0.052355825901031497},"size":4.983479976654053,"orthographic":false}