{"cameraMode":{"drawMode":0,"name":"Shaded","section":"Shading Mode"},"sceneLighting":true,"audioPlay":false,"sceneViewState":{"showFog":false,"showMaterialUpdate":false,"showSkybox":false,"showFlares":false,"showImageEffects":false,"showParticleSystems":false},"in2DMode":false,"pivot":{"x":32.3394775390625,"y":0.8480815887451172,"z":23.39505958557129},"rotation":{"x":-0.2574072778224945,"y":0.4579337537288666,"z":-0.14045502245426179,"w":-0.8392322063446045},"size":39.700435638427737,"orthographic":false}