{"cameraMode":{"drawMode":0,"name":"Shaded","section":"Shading Mode"},"sceneLighting":false,"audioPlay":false,"sceneViewState":{"showFog":true,"showMaterialUpdate":false,"showSkybox":false,"showFlares":true,"showImageEffects":true,"showParticleSystems":true},"in2DMode":false,"pivot":{"x":3.180000066757202,"y":2.482597589492798,"z":-15.182000160217286},"rotation":{"x":-0.043761540204286578,"y":0.8988329768180847,"z":-0.09228754788637161,"w":-0.42622432112693789},"size":0.5857886075973511,"orthographic":false}