{"cameraMode":{"drawMode":0,"name":"Shaded","section":"Shading Mode"},"sceneLighting":false,"audioPlay":false,"sceneViewState":{"showFog":true,"showMaterialUpdate":false,"showSkybox":false,"showFlares":true,"showImageEffects":true,"showParticleSystems":true},"in2DMode":false,"pivot":{"x":3.180000066757202,"y":2.482597589492798,"z":-15.182000160217286},"rotation":{"x":-0.2652725577354431,"y":0.41440171003341677,"z":-0.1276528537273407,"w":-0.8611657619476318},"size":0.2857885956764221,"orthographic":false}