{"cameraMode":{"drawMode":0,"name":"Shaded","section":"Shading Mode"},"sceneLighting":true,"audioPlay":false,"sceneViewState":{"showFog":true,"showMaterialUpdate":false,"showSkybox":true,"showFlares":true,"showImageEffects":true,"showParticleSystems":true},"in2DMode":false,"pivot":{"x":3.7634804248809816,"y":2.515807867050171,"z":-14.521432876586914},"rotation":{"x":0.16244645416736604,"y":-0.8145670890808106,"z":0.2724851667881012,"w":0.4856371283531189},"size":2.390267848968506,"orthographic":false}
