{"cameraMode":{"drawMode":0,"name":"Shaded","section":"Shading Mode"},"sceneLighting":true,"audioPlay":false,"sceneViewState":{"showFog":false,"showMaterialUpdate":false,"showSkybox":false,"showFlares":false,"showImageEffects":false,"showParticleSystems":false},"in2DMode":false,"pivot":{"x":40.23813247680664,"y":-1.0836424827575684,"z":-29.398717880249025},"rotation":{"x":0.22216658294200898,"y":0.025436630472540857,"z":-0.005799439735710621,"w":0.9746596217155457},"size":23.334524154663087,"orthographic":false}