{"cameraMode":{"drawMode":0,"name":"Shaded","section":"Shading Mode"},"sceneLighting":true,"audioPlay":false,"sceneViewState":{"showFog":true,"showMaterialUpdate":false,"showSkybox":true,"showFlares":true,"showImageEffects":true,"showParticleSystems":true},"in2DMode":false,"pivot":{"x":5.25261116027832,"y":3.3982203006744386,"z":-6.2299909591674809},"rotation":{"x":-0.042036619037389758,"y":0.9066012501716614,"z":-0.09308034926652909,"w":-0.4094424545764923},"size":2.430915355682373,"orthographic":false}