{"cameraMode":{"drawMode":0,"name":"Shaded","section":"Shading Mode"},"sceneLighting":true,"audioPlay":false,"sceneViewState":{"showFog":true,"showMaterialUpdate":false,"showSkybox":true,"showFlares":true,"showImageEffects":true,"showParticleSystems":true},"in2DMode":false,"pivot":{"x":2.105172634124756,"y":1.1305835247039796,"z":-4.464762210845947},"rotation":{"x":0.004704315215349197,"y":0.9829202890396118,"z":-0.02537502534687519,"w":0.18221373856067658},"size":6.478338241577148,"orthographic":false}