{"cameraMode":{"drawMode":0,"name":"Shaded","section":"Shading Mode"},"sceneLighting":true,"audioPlay":false,"sceneViewState":{"showFog":true,"showMaterialUpdate":false,"showSkybox":true,"showFlares":true,"showImageEffects":true,"showParticleSystems":true},"in2DMode":false,"pivot":{"x":4.799351215362549,"y":2.697683334350586,"z":-15.562904357910157},"rotation":{"x":-0.13552550971508027,"y":0.3310403823852539,"z":-0.048106178641319278,"w":-0.9325936436653137},"size":2.2319369316101076,"orthographic":false}