{"cameraMode":{"drawMode":0,"name":"Shaded","section":"Shading Mode"},"sceneLighting":true,"audioPlay":false,"sceneViewState":{"showFog":true,"showMaterialUpdate":false,"showSkybox":true,"showFlares":true,"showImageEffects":true,"showParticleSystems":true,"showVisualEffectGraphs":true,"m_FxEnabled":true},"in2DMode":false,"pivot":{"x":72.7086181640625,"y":3.9171829223632814,"z":7.203089714050293},"rotation":{"x":-0.0063733626157045368,"y":-0.8954175710678101,"z":0.012253831140697003,"w":-0.4451601803302765},"size":37.587921142578128,"orthographic":false}