{"cameraMode":{"drawMode":0,"name":"Shaded","section":"Shading Mode"},"sceneLighting":true,"audioPlay":false,"sceneViewState":{"showFog":true,"showMaterialUpdate":false,"showSkybox":true,"showFlares":true,"showImageEffects":true,"showParticleSystems":true,"showVisualEffectGraphs":true,"m_FxEnabled":true},"in2DMode":false,"pivot":{"x":4.173465728759766,"y":-0.6009816527366638,"z":-3.375373125076294},"rotation":{"x":-0.16001014411449433,"y":0.036116816103458408,"z":-0.0058584860526025299,"w":-0.9864366054534912},"size":8.455118179321289,"orthographic":false}